Title,Author,Genre,Price,Quantity
Dr,Emmi Summers,non-fiction,22.3,102
Mr,Zelda Poynzer,romance,99.86,201
Mrs,Ev Rubbens,mystery,89.45,43
Mrs,Ozzie Macconachy,mystery,70.21,570
Mr,Jordan Feore,sci-fi,5.38,760
Honorable,Earle Dalgarno,mystery,79.77,176
Rev,Brietta Claffey,fiction,32.06,405
Rev,Belita Hutchins,mystery,99.41,439
Honorable,Freedman Lysons,fiction,35.04,669
Mrs,Art Bothbie,romance,84.15,220
Dr,Preston Mavin,non-fiction,37.84,155
Mrs,Traci McGrane,sci-fi,24.92,277
Honorable,Neddie Moulden,romance,3.34,485
Mrs,Neddy Najera,mystery,38.11,221
Honorable,Camel Ridhole,sci-fi,85.63,872
Honorable,Rex Vogelein,romance,8.87,40
Mrs,Wes Cannan,mystery,69.87,955
Rev,Anna-diane Tiplady,fiction,83.35,656
Rev,Noami McAdam,romance,23.6,477
Mr,Tallia Bysh,fiction,89.84,73
Ms,Devondra Shalloo,romance,4.64,228
Mrs,Margo Grumbridge,mystery,80.71,353
Ms,Sallyanne Manderson,romance,19.87,794
Honorable,Anabelle Probets,romance,53.07,504
Ms,Daphna Vidloc,sci-fi,51.26,174
Honorable,Yolande Semrad,non-fiction,89.74,356
Mrs,Thane Gayforth,mystery,83.38,870
Ms,Ferdinande Altofts,romance,78.63,983
Mrs,Lindsy Cankett,romance,17.03,295
Ms,Randene Kupisz,fiction,76.16,181
Ms,Angele Rumbellow,fiction,25.79,22
Rev,Susette Casiroli,romance,82.93,939
Honorable,Anet Schole,romance,47.67,930
Mr,Monah Ferriman,romance,46.47,392
Honorable,Felike Brunicke,non-fiction,34.96,284
Dr,Daryle Castagne,romance,9.4,695
Mrs,Fabe Cone,romance,5.77,257
Mr,Hale Pude,romance,6.66,340
Honorable,Florella D'Emanuele,non-fiction,74.55,174
Mr,Garvey Yanin,non-fiction,41.64,957
Honorable,Johnette Brims,non-fiction,47.48,975
Dr,Deeyn Donaway,sci-fi,76.78,7
Dr,Jarrod Silk,fiction,7.56,230
Dr,Golda Brehaut,romance,5.83,76
Mrs,Zola Lanigan,sci-fi,58.16,675
Rev,Cecily MacWhirter,non-fiction,45.7,858
Mrs,Jonie Hankard,mystery,38.85,667
Dr,Gradeigh Alenichev,non-fiction,23.37,456
Rev,Diann MacEveley,romance,53.13,883
Mrs,Ammamaria Caldicot,sci-fi,27.34,638
Mrs,Maude Mahood,non-fiction,36.86,683
Ms,Coraline Eydel,fiction,73.19,777
Ms,Tomkin Valenta,sci-fi,19.73,668
Dr,Karena Bean,sci-fi,70.35,916
Mrs,Janice Priddy,romance,60.15,794
Mrs,Rebe Venard,sci-fi,56.51,355
Mrs,Rosemarie Cecchi,romance,99.58,123
Ms,Rickert Gimber,romance,2.61,360
Honorable,Ogden Waadenburg,sci-fi,94.66,94
Ms,Rosabel Galland,non-fiction,46.25,442
Mrs,Gian Down,romance,6.45,565
Dr,Devina Tomblin,romance,96.18,222
Mrs,Wally Mathon,fiction,59.04,866
Mr,Anthe McNally,sci-fi,4.23,321
Honorable,Sande Lawlor,non-fiction,35.52,180
Mrs,Hubey Acarson,sci-fi,47.06,627
Dr,Miof mela Schiesterl,romance,14.54,870
Honorable,Walther Gare,romance,30.98,635
Ms,Guinevere Gethen,romance,91.11,283
Rev,Gerome McGeraghty,romance,42.38,668
Rev,Janelle Tuminelli,sci-fi,34.6,262
Mr,Tiena Jone,romance,8.09,209
Dr,Alberta Parmer,sci-fi,28.68,36
Ms,Charmain Moxted,sci-fi,69.71,463
Rev,Penny Peters,non-fiction,63.75,615
Dr,Nathalia Disman,mystery,56.46,575
Rev,Kordula MacShane,non-fiction,5.52,243
Mr,Virginia Rydings,non-fiction,93.09,991
Honorable,Gerry Grunnell,fiction,70.59,325
Rev,Millisent Stuckford,fiction,40.29,933
Ms,Amble Daveley,romance,24.46,334
Ms,Isador Gabb,non-fiction,27.93,259
Rev,Adan Ishaki,non-fiction,79.44,183
Rev,Micheal Tooker,fiction,7.07,887
Mrs,Dino Ritchie,sci-fi,22.4,549
Mr,Aurora Doughtery,fiction,83.47,770
Dr,Benjie Lamborne,mystery,23.85,637
Honorable,Orella Kohen,non-fiction,96.24,901
Rev,Avivah Goudge,non-fiction,52.98,306
Mrs,Toiboid Sperry,romance,91.81,908
Rev,Pren Daugherty,mystery,89.71,601
Mr,Birk Darben,sci-fi,29.38,847
Honorable,Allister Milmo,sci-fi,38.38,845
Ms,Moyra Brydson,non-fiction,91.7,220
Rev,Meryl McIlveen,romance,40.63,371
Rev,Thor Ion,non-fiction,19.25,469
Rev,Xylina Graser,non-fiction,57.81,581
Ms,Alayne Titcombe,sci-fi,17.85,525
Mrs,Teddie Cutbush,romance,48.51,166
Dr,Merrie Crowcroft,sci-fi,58.16,863
Honorable,Cordy Ocklin,non-fiction,78.8,601
Dr,Wallie Mowatt,fiction,28.28,194
Rev,Stacy Moohan,mystery,83.44,50
Ms,Kacie Boller,romance,60.31,348
Dr,Honey Scampion,fiction,29.82,792
Honorable,Celestia Pooley,mystery,76.58,800
Mr,Aguie Allatt,mystery,13.78,484
Ms,Orton Blazi,romance,72.31,391
Dr,Odele Dulieu,fiction,15.1,82
Honorable,Shanda Gianullo,non-fiction,4.08,119
Ms,Perla Alker,sci-fi,81.2,660
Dr,Marcille Badsey,fiction,82.38,582
Honorable,Vitoria Ivankin,mystery,13.62,804
Rev,Cecily Probbing,mystery,54.07,270
Dr,Ripley Bembrick,fiction,29.8,168
Mr,Ranna Grinyer,sci-fi,99.15,927
Rev,Genovera Hebborn,fiction,96.42,880
Mr,Ferdie Veitch,mystery,92.33,570
Ms,Griffith Bartul,romance,86.38,83
Ms,Albertine McPharlain,romance,8.52,638
Honorable,Sigismundo Colbourn,mystery,12.99,287
Ms,Halli Tomczykowski,non-fiction,90.77,759
Mr,Suzette Carsey,sci-fi,89.44,605
Ms,Deloris Bellini,romance,22.51,782
Dr,Loy Risdall,non-fiction,57.48,731
Mrs,Ronnica McGerraghty,sci-fi,22.67,627
Mrs,Glyn Chasier,mystery,59.69,177
Mrs,Celina Tewelson,mystery,86.03,794
Honorable,Renee O'Heffernan,romance,47.07,802
Mr,Herold Kubera,sci-fi,73.88,662
Honorable,Konstance Nurden,fiction,55.04,442
Honorable,Baxy Varnals,romance,85.63,418
Dr,Elwin Kiraly,fiction,68.44,955
Honorable,Greg Sibson,fiction,22.49,236
Mr,Leonelle Fylan,non-fiction,9.18,637
Dr,Luella Cheevers,non-fiction,85.66,47
Ms,Britt Seward,sci-fi,37.53,25
Dr,Jaquith Hew,mystery,65.55,248
Mr,Isabelle Hourigan,mystery,73.9,290
Mr,Marlene Blackbourn,non-fiction,33.25,309
Mr,Corissa O'Monahan,non-fiction,83.01,230
Mr,Janeta Tapner,fiction,26.7,470
Honorable,Mikkel Bottelstone,fiction,79.98,543
Honorable,Blaine Beet,mystery,25.65,720
Mr,Franny Roskrug,sci-fi,58.48,96
Rev,Abdel Deveril,sci-fi,7.63,721
Dr,Kenton Simeone,sci-fi,40.83,506
Dr,Mateo MacLese,fiction,90.22,252
Honorable,Cos Kilmurry,romance,11.2,371
Honorable,Deane Wane,sci-fi,4.27,778
Mr,Yolande Thicking,non-fiction,34.11,276
Ms,Anthea Keene,mystery,58.12,344
Mr,Katherine Harrisson,romance,95.36,294
Mrs,Felice Eacle,romance,67.57,289
Honorable,Lorette Antoszewski,romance,97.22,205
Dr,Loralee Jacquet,sci-fi,97.87,908
Dr,Germana Breen,fiction,11.07,389
Dr,Alvan Wermerling,fiction,10.18,704
Rev,Emylee Mewett,mystery,33.44,317
Dr,Christian De Angelo,romance,12.2,123
Mr,Corbie Marzelle,fiction,61.38,995
Mr,Bryna Adcock,romance,21.64,204
Mrs,Ignaz Whatmough,romance,23.98,554
Honorable,Melloney Winters,sci-fi,74.93,427
Mr,Jessey Ajean,mystery,90.92,922
Rev,Brett Colquit,mystery,42.18,250
Rev,Carney Rotlauf,sci-fi,81.43,859
Dr,Abigail Duding,sci-fi,61.79,886
Ms,Shawnee Hulk,sci-fi,42.41,57
Honorable,Hubey Godwyn,sci-fi,36.63,781
Ms,Ingaborg Flement,non-fiction,4.17,693
Mr,Flor Castelijn,sci-fi,12.48,100
Dr,Raynard Simla,romance,96.54,808
Honorable,Hasty Guenther,sci-fi,81.27,69
Rev,Orel Iggalden,romance,88.7,508
Dr,Vinnie McSwan,sci-fi,55.85,152
Ms,Maible Simanenko,sci-fi,45.03,95
Rev,Clarey McGrill,non-fiction,80.21,643
Mrs,Bradley Iacovaccio,non-fiction,90.27,887
Dr,Freida Crowcombe,sci-fi,27.57,961
Ms,Immanuel Smyley,non-fiction,37.71,398
Mrs,Lay Shelbourne,mystery,79.42,3
Mrs,Eda Hambly,fiction,44.86,25
Dr,Jacky Bockh,fiction,10.03,991
Ms,Elianore Spreadbury,romance,87.8,118
Ms,Joseph Elsey,mystery,62.99,879
Rev,Packston Vakhrushin,fiction,75.93,763
Honorable,Ede Southcott,sci-fi,34.88,955
Mrs,Matilda Ponceford,non-fiction,10.75,50
Mrs,Berkly Dabs,fiction,36.56,929
Dr,Bobby Chapleo,fiction,63.2,977
Mr,Woodie Prattin,mystery,72.73,680
Rev,Beck Mousley,mystery,35.6,980
Rev,Krissy Tailby,fiction,25.97,259
Dr,Winni Hayball,fiction,59.59,505
Mr,Berty Tulloch,mystery,6.57,831
Ms,Philip Larby,sci-fi,44.89,519
Dr,Lind Gabel,fiction,82.02,142
Honorable,Giuditta Capnor,mystery,83.23,411
Rev,Katha Cropper,sci-fi,61.95,862
Honorable,Masha Kullmann,sci-fi,77.6,36
Mr,Zelma Midner,romance,8.5,622
Ms,Nita Kirwin,non-fiction,29.13,582
Mrs,Allard Scamal,fiction,39.14,260
Rev,Kimble Slayton,non-fiction,31.8,238
Rev,Adel Scurrey,sci-fi,78.27,372
Dr,Wheeler Cardew,fiction,94.41,505
Rev,Claudius Tomaschke,romance,10.8,24
Rev,Nollie Hanner,fiction,9.32,703
Rev,Rozalie Wolton,mystery,33.16,1000
Ms,Allianora Hanwright,non-fiction,93.44,610
Mr,Grayce Boyde,mystery,26.46,79
Mr,Hersh Swoffer,romance,19.13,429
Honorable,Ellene Winspur,mystery,57.4,431
Rev,Northrup Herreros,fiction,58.06,705
Rev,Christoper Dignan,non-fiction,39.03,875
Honorable,Farica Wyleman,fiction,42.02,212
Mr,Roxanne Ricardon,mystery,30.29,317
Honorable,Vivie Chattelaine,romance,45.59,160
Ms,Sanders Orht,non-fiction,26.68,359
Rev,Gunner Ellett,sci-fi,31.09,120
Ms,Haven Forton,fiction,88.16,443
Dr,Esther Woolmington,non-fiction,61.55,747
Ms,Lezlie Samwayes,fiction,42.28,363
Honorable,Nikki Tester,mystery,48.42,247
Honorable,Alistair Inch,mystery,72.73,871
Rev,Jenni Desseine,sci-fi,17.14,336
Rev,Luca Bidwell,romance,62.67,895
Ms,Celia Hawley,romance,36.92,493
Rev,Xerxes Matthiesen,fiction,88.37,642
Ms,Juliana Kief,sci-fi,49.14,359
Dr,Dahlia Antonsson,mystery,34.19,364
Ms,Kristal Iskowitz,sci-fi,3.27,801
Rev,Bunni Hilley,sci-fi,50.38,278
Ms,Sven Trunchion,mystery,87.81,971
Ms,Kaela Tiery,romance,66.21,304
Honorable,Winnie Wellings,sci-fi,46.84,142
Ms,Roxine Mannock,sci-fi,18.04,254
Mrs,Nana Paulig,mystery,62.69,272
Ms,Kelly Clash,romance,49.31,685
Mrs,Dulcia Jeste,sci-fi,20.57,583
Honorable,Esta Redihalgh,fiction,60.31,396
Ms,Abel Tourry,non-fiction,5.35,218
Rev,Gregory Liverseege,romance,53.05,952
Dr,Husein Pillifant,sci-fi,84.28,498
Dr,Sile Ridett,romance,23.22,354
Rev,Mela Emerton,mystery,57.05,679
Ms,Myles Slafford,non-fiction,80.98,151
Ms,Baxie Ceci,fiction,3.33,913
Ms,Corey Comber,mystery,83.7,399
Mrs,Corrine Rubi,non-fiction,82.44,947
Honorable,Rodrique Millis,non-fiction,58.62,854
Rev,Cherilyn Raccio,mystery,9.52,427
Honorable,Chastity Jepson,non-fiction,48.66,647
Mrs,Joseito Lightwing,sci-fi,39.24,814
Rev,Sloan Ledgister,sci-fi,32.34,514
Dr,Arabele Huffey,mystery,63.57,114
Dr,Giulietta Bedle,romance,29.75,564
Rev,Essie Tattersall,mystery,50.79,970
Mrs,Monique Pryke,fiction,32.87,899
Mrs,Sheela Ghio,romance,13.1,684
Ms,Finley Chaffin,mystery,1.59,795
Rev,Emlynn Cheshir,sci-fi,26.94,430
Mrs,Dyan Alabastar,fiction,1.55,521
Mr,Agatha De Vere,non-fiction,9.74,387
Honorable,Scott Dougherty,non-fiction,20.84,764
Ms,Brucie Tutill,non-fiction,14.78,512
Rev,Kyle Possek,romance,20.93,816
Ms,Leonelle Spradbery,fiction,21.67,267
Rev,Dayle Kynnd,non-fiction,50.07,473
Rev,Carley Bloxsom,non-fiction,58.73,291
Ms,Zacharia Merrall,sci-fi,32.46,637
Mrs,Ardisj Brotherton,fiction,39.23,636
Dr,Rodrigo Errichiello,non-fiction,33.16,410
Dr,Angelle Drowsfield,sci-fi,20.27,539
Rev,Lydia Melato,non-fiction,6.62,117
Mrs,Peyton Garnett,sci-fi,11.58,454
Mr,Ferdinand O'Neil,romance,99.99,410
Dr,Arch Butterworth,non-fiction,77.56,30
Mr,Kennith Chaves,non-fiction,67.07,758
Mr,Dolores Lappine,mystery,22.04,599
Honorable,Dalis Jovic,romance,96.99,896
Honorable,Nels Haggerston,non-fiction,5.73,796
Mrs,Tamiko Roggero,romance,33.63,755
Dr,Hadlee Lubeck,mystery,75.29,790
Honorable,Justis Pope,romance,83.85,865
Mr,Hobard Pendergast,mystery,75.52,717
Honorable,Micki Olin,romance,59.2,300
Dr,Leora Poe,mystery,50.42,303
Mr,Rickert O'Griffin,non-fiction,5.64,214
Mrs,Lissy Skouling,fiction,67.78,234
Dr,Maxi McGroarty,sci-fi,93.37,582
Mr,Hebert Dabourne,fiction,31.76,977
Mr,Julianna Wasielewski,mystery,79.82,968
Ms,Morgun MacGebenay,mystery,67.8,475
Honorable,Cathleen O'Doran,fiction,79.0,13
Mr,Tami Howatt,romance,52.85,863
Ms,Alaster Roncelli,romance,80.94,206
Mrs,Dru Tattoo,non-fiction,4.79,696
Rev,Jayson Carvil,romance,23.8,193
Mr,Josefina Tatem,sci-fi,58.47,95
Rev,Ortensia Colwell,mystery,8.88,965
Dr,Krissie Beecroft,non-fiction,33.27,945
Ms,Avie Gellion,fiction,11.25,419
Rev,Marmaduke Faithorn,fiction,86.49,642
Honorable,Farrah Garnsworthy,fiction,43.77,408
Mr,Tyrone McCerery,non-fiction,86.11,728
Mr,Tabbie Fearfull,mystery,24.96,914
Rev,Claybourne Venditti,romance,4.5,496
Honorable,Kellsie Coade,non-fiction,13.0,448
Rev,Yoshi Craven,mystery,5.95,977
Ms,Minetta Hendriks,non-fiction,26.3,546
Mrs,Maurise Henze,fiction,79.05,16
Honorable,Sinclare Rabbatts,romance,73.17,766
Honorable,Orran Krzyzanowski,mystery,43.39,134
Ms,Sigismundo Starkings,sci-fi,49.61,18
Rev,Abagael Morforth,sci-fi,54.4,966
Mr,Brianna Geikie,sci-fi,29.85,974
Dr,Lillis Yerborn,non-fiction,55.79,105
Dr,Arther Loxly,romance,76.39,743
Mrs,Mahmud Orto,non-fiction,99.18,680
Mr,Florance Poland,sci-fi,70.54,250
Honorable,Wainwright Fathers,romance,8.91,187
Mr,Danny Hovington,fiction,48.05,325
Mrs,Joanne Rippen,non-fiction,57.69,522
Mr,Aluin Garter,romance,59.73,935
Mr,Joelie Eberlein,non-fiction,74.55,40
Mrs,Isidor Braz,romance,73.11,847
Dr,Farlee Phythien,fiction,21.58,179
Dr,Inge Grieve,romance,47.48,181
Dr,Lauren Kirtley,romance,43.94,961
Rev,Skipp Squires,mystery,63.73,427
Mrs,Lesya Brophy,fiction,33.94,142
Dr,Bertina Chapelle,non-fiction,20.5,365
Dr,Justine Bulcroft,romance,83.23,250
Ms,Robbin Fidal,non-fiction,77.66,169
Dr,Baxter Raleston,non-fiction,13.08,192
Dr,Page Agott,non-fiction,6.24,868
Honorable,Martina Mewrcik,fiction,69.69,538
Dr,Merrily Coley,mystery,22.03,11
Mrs,Tedie Selesnick,fiction,23.78,704
Ms,Lucienne Mellmoth,romance,43.18,161
Honorable,Petrina Triggel,romance,74.97,619
Mr,Sydney Kindleysides,non-fiction,63.22,530
Mrs,Fedora Estcot,fiction,87.29,851
Mrs,Nina Dicey,romance,94.21,557
Honorable,Norby Furmage,fiction,42.75,50
Mr,Amargo Gilhooly,sci-fi,74.67,581
Dr,Galven Ailward,sci-fi,33.72,564
Ms,Torre Juszczyk,fiction,6.22,263
Ms,Harmonia Monery,mystery,62.0,684
Mrs,Emmott Brightie,fiction,66.18,685
Dr,Marillin Varley,non-fiction,91.91,244
Ms,Justine Eastwell,romance,78.58,167
Ms,Ewart Cubbino,fiction,52.68,654
Mrs,Nissy Schimon,fiction,1.83,934
Mrs,Zeke Tyt,mystery,93.7,632
Mr,Leora Horley,fiction,63.23,103
Rev,Dorthy Van Salzberger,sci-fi,14.08,409
Ms,Valery Scad,mystery,27.0,615
Ms,Fremont Filyukov,romance,2.02,240
Mrs,Foster Licciardo,sci-fi,70.71,85
Mr,Lindsey Kingsnoad,non-fiction,32.37,726
Ms,Paddie Hinstock,mystery,87.23,458
Dr,Lindy Oventon,mystery,73.49,501
Ms,Appolonia Cracknall,mystery,4.61,497
Mr,Aloysius MacKellar,fiction,20.66,612
Honorable,Thaxter Goodlad,fiction,5.69,945
Dr,Karina Huge,non-fiction,4.14,654
Rev,Onofredo Philps,non-fiction,81.66,599
Rev,Irv Birkby,romance,47.44,565
Honorable,Nicky Hailwood,fiction,37.07,615
Honorable,Bendicty Baker,sci-fi,92.05,771
Rev,Miof mela Pretsell,mystery,3.65,713
Dr,Marlyn Scoffins,romance,80.15,767
Honorable,Leshia Cowpertwait,sci-fi,52.78,262
Ms,Rees Knotte,mystery,77.53,552
Dr,Reinhold Hullins,non-fiction,15.74,693
Mrs,Freddie Hame,romance,69.16,724
Mrs,Vida O'Loughlin,non-fiction,80.11,792
Dr,Arabella Chesswas,romance,83.39,220
Dr,Christy Baudry,mystery,96.0,973
Ms,Bertie Gillhespy,non-fiction,81.29,460
Rev,Ruddy Brocklehurst,sci-fi,53.28,912
Rev,Archy Delahunty,mystery,21.53,977
Rev,Valentino Sinisbury,romance,45.61,560
Rev,Nessie Haskell,mystery,79.46,501
Rev,Gloriane Cersey,mystery,37.02,796
Mrs,Ruthy Bartoli,non-fiction,62.5,762
Rev,Daisy Beaumont,non-fiction,54.49,297
Ms,Magda McIlvenna,sci-fi,39.04,462
Dr,Zorana Rosone,mystery,19.05,727
Rev,Kimmie McQuorkel,fiction,11.51,772
Mrs,Demetria Roskrug,romance,78.52,513
Dr,Marie Willoughby,non-fiction,60.27,271
Mrs,Albert Goby,non-fiction,17.32,601
Honorable,Leola Stennes,sci-fi,73.22,698
Dr,Vincents Burns,mystery,73.03,201
Mr,Janean Camerello,mystery,31.88,612
Ms,Hinze Petruskevich,fiction,20.69,518
Dr,Conn Ipsgrave,non-fiction,87.62,617
Dr,Gradey Trumble,sci-fi,72.35,165
Rev,Elizabet Ames,non-fiction,38.44,941
Mrs,Ddene Ayling,non-fiction,93.68,880
Dr,Ajay Simmon,fiction,44.74,814
Rev,Odele Mixter,mystery,43.37,59
Ms,Alyssa Elsmor,romance,72.68,505
Ms,Elvyn Davidow,non-fiction,28.05,689
Dr,Theresa Layzell,romance,98.71,706
Rev,Kassia Izzat,non-fiction,78.13,304
Dr,Neall Imison,romance,29.59,429
Rev,Robbert Courtin,fiction,14.37,548
Honorable,Frederik Beecham,non-fiction,81.54,293
Rev,Tammie Garrand,fiction,92.33,836
Honorable,Theadora Sedman,mystery,38.99,494
Honorable,Ragnar MacBrearty,sci-fi,85.72,465
Ms,Durward Astley,non-fiction,58.52,325
Ms,Humfrey Easter,non-fiction,44.6,183
Mrs,Fredric Baldacchino,non-fiction,16.79,605
Dr,Sibley Liddiatt,mystery,6.1,759
Ms,Aurea Edscer,sci-fi,62.16,734
Rev,Chrissy Tink,mystery,5.97,299
Rev,Datha MacUchadair,mystery,50.48,256
Mrs,Cati Roxburgh,fiction,64.08,911
Honorable,Lynnell Matthewman,romance,67.79,263
Mr,Rozella Burgne,romance,47.77,644
Mr,Edythe Moorrud,sci-fi,29.08,147
Dr,Lyndsey Purcer,non-fiction,78.37,802
Mr,Emmi Gaiger,sci-fi,77.24,276
Mrs,Minni Pock,sci-fi,45.66,336
Ms,Arline Kyberd,fiction,48.38,71
Ms,Gabriello Cluff,non-fiction,69.78,884
Rev,Annabell Aubry,non-fiction,27.72,677
Mr,Dillie Telega,sci-fi,28.56,684
Rev,Dannie Peer,non-fiction,74.58,808
Ms,Cleve Strick,mystery,91.43,487
Mrs,Conroy Toppes,romance,60.6,139
Mrs,William Coppo,non-fiction,45.31,296
Mr,Donny Ofen,mystery,85.92,774
Mrs,Trude Enrietto,romance,22.26,708
Dr,Pauly de Nore,fiction,27.32,323
Mr,Simone Foucard,mystery,66.17,459
Honorable,Eveleen Hampton,romance,61.46,955
Mr,Randell Minghi,romance,34.11,712
Mrs,Roley Boundy,romance,73.48,490
Rev,Weston Carse,romance,34.96,143
Rev,Libby Harston,romance,3.54,494
Mr,Willem Havock,non-fiction,17.22,410
Ms,Phil Phippin,non-fiction,2.55,320
Rev,Emmalyn Clemenson,fiction,37.52,652
Honorable,Beatriz Tossell,sci-fi,13.25,27
Ms,Rebecka Arcase,romance,15.27,901
Dr,Peggie Sawter,mystery,74.64,634
Mrs,Storm Bramont,sci-fi,24.31,371
Honorable,Nomi Cutford,mystery,53.34,450
Dr,Jonis Tracy,romance,21.37,275
Honorable,Wernher Salleir,sci-fi,29.99,183
Dr,Lucho Western,fiction,84.14,443
Ms,Hamilton Spikings,sci-fi,89.0,432
Mr,Clarissa Callington,sci-fi,85.93,53
Mr,Salomi Doggerell,non-fiction,78.12,234
Rev,Guntar Stirrip,non-fiction,10.31,223
Ms,Sosanna Borland,mystery,15.13,552
Mr,Roselle Dyter,non-fiction,4.36,237
Mr,Norby Goosnell,fiction,7.93,753
Mrs,Saloma Goreisr,romance,36.54,110
Honorable,Emmalyn McNea,non-fiction,58.95,461
Ms,Zacherie Rumens,romance,22.88,980
Ms,Fleming Plaskett,romance,58.94,850
Dr,Moss Dundendale,non-fiction,27.04,506
Mr,Garrot Lavender,romance,36.18,593
Rev,Alaine Cregg,fiction,16.26,13
Rev,Omar Prescot,mystery,1.91,582
Mr,Elianora Wakefield,mystery,72.8,834
Ms,Whitney Adamec,non-fiction,6.83,62
Mrs,Ryann Grendon,mystery,39.36,573
Ms,Maggie Troni,mystery,58.95,401
Rev,Tove Ower,romance,76.72,108
Ms,Julieta Keelinge,romance,36.21,659
Mrs,Galvan Fouracre,non-fiction,91.31,60
Ms,Enid Gorce,sci-fi,74.54,503
Rev,Filippa Makepeace,romance,11.11,360
Dr,Cullan Orta,romance,3.76,363
Honorable,Morly Bestwick,romance,13.5,61
Mr,Lorita Darree,mystery,54.41,338
Ms,Ulrika Durning,mystery,38.89,570
Honorable,Galvan Curragh,mystery,30.16,444
Rev,Pamella Webberley,romance,62.35,590
Rev,Evaleen Deyes,romance,16.58,303
Honorable,Aleen Fligg,mystery,86.23,984
Dr,Cristiano Bride,non-fiction,86.94,442
Dr,June Notman,romance,56.64,930
Mr,Ulrica Chezelle,romance,58.52,98
Ms,Dale Barles,mystery,9.09,801
Mr,Parry Tenby,sci-fi,50.77,728
Rev,Barnabas Ajsik,fiction,27.95,638
Mrs,Torr Tebbitt,fiction,66.05,337
Mrs,Siouxie Gosse,sci-fi,94.14,247
Honorable,Queenie O'Dea,romance,60.88,648
Rev,Gillie Allnutt,fiction,17.61,566
Dr,Chilton Hamsson,fiction,47.97,511
Mrs,Caterina Chidwick,non-fiction,88.74,697
Rev,Alec Tolson,sci-fi,40.65,479
Ms,Hilliard Broxton,romance,54.67,658
Rev,Jermaine Saltern,romance,58.09,866
Mr,Caresa Challen,fiction,76.78,792
Mrs,Krissie Challicum,romance,16.26,963
Mrs,Harriot Padly,fiction,70.1,914
Mr,Normand Andrus,mystery,64.9,224
Honorable,Loleta Sciacovelli,fiction,30.15,710
Honorable,Cherlyn Hawksley,romance,31.29,212
Ms,Nikola Ouver,romance,51.88,623
Mr,Stanly Reston,non-fiction,37.86,106
Honorable,Ethel Caris,romance,50.26,824
Mrs,Cosette Pentercost,mystery,59.46,202
Mr,Jarret Crossfield,mystery,12.61,786
Honorable,Bax Towey,sci-fi,2.15,915
Honorable,Kyle McRamsey,non-fiction,69.97,618
Rev,Addison McCritchie,romance,46.28,782
Mrs,Rudolfo Jendrach,romance,23.37,478
Mrs,Ceil Higbin,fiction,75.15,828
Ms,Dunstan McGlade,romance,16.52,390
Mr,Fawnia McCritichie,romance,31.6,896
Rev,Pat Kelso,mystery,82.46,516
Mrs,Rayshell Deny,romance,67.46,837
Ms,Weber Jentgens,romance,70.7,329
Mrs,Jobey Gallanders,non-fiction,47.64,522
Dr,Cammi Shepperd,mystery,68.49,10
Mrs,Genni Hollingshead,fiction,15.19,661
Dr,Farrah Pilbury,fiction,40.95,371
Mrs,Neely Wellen,sci-fi,19.8,161
Ms,Fredia Waker,mystery,6.74,736
Ms,Tamara Ducaen,sci-fi,26.6,103
Dr,Johann McLaverty,fiction,7.24,513
Dr,Lyndsay Duffree,non-fiction,81.57,741
Ms,Conrad McMenamy,mystery,74.07,613
Mr,Della Birtles,sci-fi,77.57,782
Rev,Madalena Debill,romance,52.12,40
Honorable,Anselm McCreagh,mystery,48.66,56
Ms,Chevalier Fetherstan,sci-fi,60.97,218
Dr,Orson Heardman,mystery,38.03,10
Dr,Jaime Sandall,non-fiction,61.07,403
Honorable,Wilie Daine,romance,16.55,455
Mrs,Charmain Hanny,romance,4.39,62
Ms,Hillery Bess,mystery,63.67,762
Mrs,Hadley Godmer,sci-fi,36.07,607
Dr,Trisha Ariss,sci-fi,27.87,46
Ms,Shane Dorin,sci-fi,65.03,998
Mrs,Merissa Oakes,romance,54.96,168
Mrs,Verina Sherington,non-fiction,36.83,200
Ms,Adriano Matyashev,sci-fi,47.84,510
Dr,Alvinia Gittins,non-fiction,42.68,582
Honorable,Archibald Hasty,fiction,21.41,791
Dr,Yvonne Darnody,mystery,45.32,487
Rev,Gordy Loving,mystery,81.48,698
Mrs,Esdras Nacey,romance,35.21,345
Mr,Martica Bowart,romance,85.21,874
Honorable,Corrianne Sandall,non-fiction,24.84,462
Mrs,Skell Hawkshaw,fiction,94.96,710
Honorable,Torrence Spurdens,mystery,2.53,836
Rev,Vanessa Caurah,sci-fi,53.34,933
Honorable,Louisette Lillistone,mystery,28.52,999
Mrs,Neely Finley,non-fiction,53.34,349
Rev,Penny Cearley,non-fiction,99.38,283
Rev,Gillie McMinn,fiction,79.39,678
Rev,Garrick Olenchikov,romance,27.47,828
Rev,Latrena Teeney,sci-fi,34.89,932
Mrs,Heather Spieck,fiction,34.91,514
Ms,Gabbie Menichi,mystery,53.21,359
Ms,Wyn Maffia,sci-fi,7.44,694
Dr,Ynes Souley,fiction,74.51,358
Rev,Daren Novakovic,non-fiction,95.05,456
Ms,Ainslie McColl,sci-fi,84.3,46
Honorable,Zenia Penddreth,sci-fi,73.95,747
Honorable,Pierette Hunsworth,non-fiction,61.12,356
Rev,Audrie Fairbrother,mystery,51.57,171
Rev,Suzy Pabelik,romance,42.76,581
Mrs,Rochette Duprey,fiction,24.44,432
Mrs,Maxie Shewring,non-fiction,60.76,301
Mr,Marianne FitzGibbon,non-fiction,81.78,9
Honorable,Austina Cheke,non-fiction,91.26,297
Mr,Dania Seagar,romance,89.88,570
Dr,Karel Aust,mystery,31.64,104
Mrs,Hamilton Kitto,mystery,75.22,925
Ms,Velma Wharfe,non-fiction,41.4,379
Honorable,Carleen Birtle,non-fiction,2.64,454
Honorable,Katha Rickis,romance,16.65,651
Ms,Saul Shafier,non-fiction,93.29,12
Ms,Ilsa Dyte,romance,94.17,148
Dr,Tiphanie Lauder,non-fiction,65.25,234
Dr,Hayes Sowley,sci-fi,8.76,311
Ms,Maybelle Episcopi,romance,55.78,116
Mrs,Lita Neesam,fiction,48.45,139
Rev,Alejandra Tewkesbury.,non-fiction,48.5,393
Mr,Minnnie Arrandale,romance,3.95,911
Ms,Seymour Garr,mystery,17.78,925
Honorable,Laverne Thomazet,sci-fi,71.48,170
Honorable,Antonina Goosey,romance,5.63,12
Dr,Pembroke Gopsill,mystery,53.8,490
Dr,Neill Goodings,mystery,81.39,847
Rev,Rudiger Marre,non-fiction,90.57,997
Mrs,Lizzie Nind,sci-fi,45.01,429
Dr,Almeta Sealey,non-fiction,55.04,258
Mr,Yolanthe McGougan,sci-fi,14.55,613
Dr,Hoebart Stronack,sci-fi,8.0,129
Mr,Lombard Dodwell,romance,28.39,884
Ms,Barbee Faulconer,mystery,48.34,212
Ms,Alexandros Ambrogetti,romance,95.61,775
Ms,Melosa Bassom,romance,3.83,72
Dr,Ellene Ragsdall,non-fiction,6.77,910
Rev,Estell Plumb,fiction,23.44,598
Dr,Emilio Tattershall,fiction,81.17,550
Honorable,Aprilette Moultrie,mystery,64.12,689
Ms,Brig Dodge,fiction,32.93,690
Mrs,Bryana Gamlin,fiction,56.88,111
Mr,Khalil Kivelhan,sci-fi,22.87,739
Mrs,Val Boame,mystery,58.1,149
Mr,Christian Courtier,mystery,78.91,491
Honorable,Rog Lutty,romance,68.65,797
Honorable,Elvina Copperwaite,romance,6.78,839
Rev,Larisa Ferrey,romance,82.53,150
Ms,Tate Hazeldene,sci-fi,61.61,596
Mrs,Jerrine Dudny,non-fiction,29.07,499
Mrs,Adan Churchley,sci-fi,59.43,827
Honorable,Philly McCart,fiction,11.63,223
Mr,Caryn Stookes,sci-fi,29.3,776
Ms,Tiertza Mudd,non-fiction,67.96,942
Dr,Hildagarde Culcheth,sci-fi,86.86,102
Mr,Vanya Soane,sci-fi,46.71,241
Ms,Joceline Trevna,romance,76.43,500
Dr,Torrance Dellenbrok,sci-fi,96.59,963
Mr,Angelika Shearmer,fiction,52.05,227
Mr,Hewet Matteuzzi,sci-fi,2.5,69
Mr,Theo Kleinmann,non-fiction,80.41,629
Mrs,Mellisa Napoleon,sci-fi,63.9,270
Mrs,Margaretha Glenny,sci-fi,73.45,930
Mrs,Fiann Atley,mystery,21.62,404
Dr,Jarrett Gemmell,fiction,35.59,405
Dr,Stillman Cowpertwait,mystery,84.67,540
Rev,Hakeem Errett,sci-fi,87.63,810
Mrs,Colby Merwe,sci-fi,53.16,176
Mr,Maury Puddle,non-fiction,17.24,875
Dr,Hyacinth Obert,non-fiction,66.05,297
Rev,Jeanelle Phelit,romance,48.36,426
Dr,Domingo Well,fiction,73.35,964
Dr,Tallie Emeline,non-fiction,99.71,607
Mrs,Tarrah Stenson,romance,92.78,733
Rev,Meredithe Bram,sci-fi,60.0,351
Dr,Maggi Gowdy,sci-fi,62.29,341
Mr,Berkeley Laweles,romance,86.78,570
Mrs,Nyssa Lorkings,mystery,82.1,786
Rev,Caritta Notton,sci-fi,39.4,295
Ms,Dahlia Bonhill,romance,23.1,281
Mrs,Hugibert Frome,fiction,1.2,330
Ms,Bellina Gammack,sci-fi,24.26,961
Honorable,Kennie Rallings,fiction,99.55,884
Ms,Inna Neville,mystery,97.94,728
Mrs,Jamie Chaudret,sci-fi,57.21,978
Dr,Jeremiah FitzGeorge,non-fiction,67.86,752
Ms,Tillie Belchamber,fiction,3.61,210
Ms,Bone Cozzi,non-fiction,17.24,353
Mrs,Eadmund Slayton,sci-fi,74.28,709
Dr,Cati Bassham,romance,21.57,760
Honorable,Delano Barock,sci-fi,63.48,529
Rev,Judith Leguey,non-fiction,55.69,841
Mr,Cordula Camp,non-fiction,33.45,945
Dr,Irma Von Helmholtz,fiction,37.0,585
Dr,Tanney Snodden,mystery,53.17,888
Dr,Chlo Donoher,mystery,57.05,738
Mrs,Drugi Montes,mystery,69.8,16
Mr,Elias Giacopelo,non-fiction,40.76,104
Rev,Margaretta Chadbourn,mystery,98.23,486
Ms,Ritchie Ezzy,sci-fi,87.48,271
Mr,Morey Phippard,sci-fi,30.35,675
Rev,Gabe Janeway,sci-fi,50.46,716
Honorable,Leelah Stothard,mystery,1.91,946
Mr,Kimberley Pywell,fiction,62.13,78
Rev,Candra Mundall,sci-fi,93.03,340
Rev,Bette-ann Lenton,fiction,34.99,561
Mr,Winfield Peaple,non-fiction,60.88,369
Ms,Chevalier Matuszak,fiction,3.78,493
Mrs,Alvan Trewman,fiction,78.13,312
Mrs,Woodie Danbury,romance,69.82,375
Dr,Ives Gidney,mystery,41.83,934
Rev,Mandel Geelan,sci-fi,15.24,612
Dr,Otto Done,non-fiction,12.08,849
Mrs,Lianne Shepheard,mystery,21.9,188
Rev,Alyosha Nudd,romance,68.46,240
Dr,Bucky Boyington,sci-fi,66.05,773
Mrs,Myra Dulake,mystery,69.96,419
Mr,Fowler Di Dello,sci-fi,66.49,410
Mr,Ennis Sperring,non-fiction,42.74,885
Ms,Val Dot,romance,16.83,770
Rev,Guthrie Batchan,non-fiction,68.41,127
Rev,Robers Dagg,non-fiction,65.91,585
Ms,Lexi Alderman,sci-fi,71.09,327
Ms,Carri Hessenthaler,non-fiction,65.01,648
Mrs,Avrit Markovich,romance,18.2,346
Rev,Jacquelynn Gateland,fiction,79.43,407
Honorable,Janaya Kempe,romance,27.77,558
Honorable,Willie Knott,non-fiction,38.49,131
Rev,Clayborne Barford,sci-fi,57.65,751
Honorable,Hastie Rau,romance,70.99,572
Honorable,Robinet Bloys,non-fiction,14.68,179
Rev,Kimberli Bowie,romance,26.72,140
Rev,Brockie Eich,romance,20.91,484
Dr,Chicky Bayfield,fiction,76.65,266
Dr,Berk Sobtka,mystery,99.43,506
Honorable,Tuesday Fisk,fiction,37.38,13
Dr,Finley Pym,sci-fi,93.64,944
Ms,Becki Balchen,non-fiction,49.9,888
Dr,Raoul Brawley,mystery,55.13,49
Mr,Edmund Creggan,sci-fi,74.44,176
Ms,Elisabeth Outibridge,non-fiction,50.65,513
Ms,Bren Henrique,non-fiction,4.4,401
Mrs,Dniren Mapes,non-fiction,14.07,621
Ms,Fitz Dagleas,fiction,37.9,271
Dr,Anabelle Oxbe,non-fiction,67.45,164
Rev,Ursala Revington,mystery,42.05,417
Honorable,Cece Swiers,sci-fi,37.55,166
Rev,Stu Salliss,romance,21.13,619
Rev,Alanah Signe,sci-fi,8.67,620
Rev,Emmott Parton,mystery,24.68,110
Ms,Madelyn Horstead,mystery,3.5,424
Mrs,Lotty Escreet,mystery,88.01,344
Rev,Cord Mallows,romance,25.58,562
Rev,Joelynn Gittus,non-fiction,86.75,995
Honorable,Gabe Manlow,sci-fi,74.41,529
Mr,Booth Spacy,fiction,43.97,904
Mr,Chrisse Pickvance,romance,77.99,734
Rev,Adrien Mudle,fiction,72.73,77
Honorable,Robers McCarl,sci-fi,95.05,198
Mr,Henri Sawle,sci-fi,45.71,816
Dr,Melesa Stailey,mystery,40.0,385
Mr,Dylan Blint,non-fiction,18.71,117
Ms,Gaynor Blenkinsopp,sci-fi,59.56,978
Mr,Skye Lightbowne,mystery,87.07,878
Rev,Rosalyn Rudge,mystery,1.07,38
Rev,Tracy Ivannikov,non-fiction,76.18,296
Ms,Devin McGow,mystery,58.32,538
Rev,Raye Prise,sci-fi,59.77,255
Mrs,Bancroft Chard,fiction,2.27,643
Rev,Gertie Sansome,mystery,42.47,413
Honorable,Kelci Hansie,non-fiction,44.32,254
Dr,Melodee Legh,mystery,47.43,507
Ms,Mariska Aleksandrev,mystery,54.24,575
Mrs,Averil Wintersgill,sci-fi,97.98,251
Mr,Dorene Weavers,mystery,6.99,101
Ms,Emmy Gaishson,romance,86.37,209
Ms,Magdalen Joncic,mystery,96.42,715
Mr,Dyanna Stranger,fiction,22.12,142
Ms,Robert Gerbel,fiction,92.77,19
Dr,Cassandra Baldock,fiction,39.18,678
Mr,Noell Algore,sci-fi,7.31,502
Ms,Aluino Soden,sci-fi,31.56,623
Rev,Paige Pinson,non-fiction,69.64,93
Dr,Edwin Gidman,romance,26.34,681
Honorable,Marya Tudgay,romance,47.52,791
Honorable,Adel Giovannini,fiction,13.44,263
Honorable,Corabel Dinzey,sci-fi,37.2,764
Mrs,Rustin Anthes,mystery,8.58,869
Mr,Tommi St Ange,fiction,56.38,252
Ms,Lavinie Villiers,non-fiction,54.76,984
Mr,Desirae Brownbridge,sci-fi,92.86,415
Ms,Florence Hellmore,sci-fi,72.05,34
Dr,Abbye Dicker,romance,91.06,347
Mrs,Biddy Barfield,fiction,25.02,92
Dr,Jemie Issett,fiction,40.67,427
Rev,Michelina Royle,romance,1.36,165
Mr,Bryn Brydell,non-fiction,7.64,773
Ms,Susanne McCurdy,fiction,13.32,698
Mrs,Carry Hamlin,mystery,11.48,591
Rev,Neville Newtown,non-fiction,70.0,168
Mrs,Timoteo Luffman,sci-fi,85.76,764
Dr,Valry Tytcomb,mystery,65.69,911
Ms,Sig Fass,romance,3.0,790
Ms,Gavan Doubleday,romance,86.29,960
Rev,Suellen Yanuk,non-fiction,69.03,25
Dr,Merl Longridge,mystery,42.97,128
Rev,Demetris Drinan,fiction,86.47,708
Rev,Gibb Eneas,fiction,60.86,559
Mrs,Bary Doorbar,fiction,9.3,715
Honorable,Kalil Mongain,fiction,76.53,150
Dr,Robenia Beeden,non-fiction,15.02,355
Rev,Kellie Manton,sci-fi,34.67,921
Honorable,Horace Girkins,fiction,28.02,955
Dr,Stoddard Leebeter,romance,50.71,186
Dr,Stearn Pautard,mystery,70.23,601
Ms,Hyacintha Maclaine,romance,43.38,312
Dr,Rebe Warner,fiction,42.68,933
Mrs,Sanson Plane,sci-fi,41.7,634
Honorable,Annora Ailmer,romance,2.1,456
Ms,Leena Burdess,mystery,72.85,85
Rev,Leora Hassen,romance,43.42,987
Mrs,Alphonso Brobeck,non-fiction,68.77,817
Rev,Stephi Vallack,non-fiction,45.19,603
Mr,Casandra Wartonby,mystery,10.91,806
Mr,Giovanni Riggey,sci-fi,99.72,9
Mrs,Sukey Elgood,sci-fi,5.16,598
Ms,Clementina Britney,sci-fi,77.46,381
Mr,Kinny Furlong,mystery,99.8,661
Mr,Dugald Heynel,non-fiction,5.05,143
Honorable,Guy Suff,non-fiction,79.1,821
Mr,Ettore Attrill,romance,52.21,541
Mr,Paten Waker,fiction,14.52,354
Rev,Lissie Nurse,sci-fi,58.34,283
Honorable,Read Gabitis,fiction,61.72,169
Dr,Orville Aldwinckle,fiction,85.63,952
Honorable,Hagen Di Lucia,romance,69.16,376
Mr,Danette Cruce,fiction,5.73,979
Ms,Xylia Wrathmell,non-fiction,26.45,746
Dr,Freda Alvarado,romance,89.7,155
Honorable,Lawry Dymott,romance,46.04,919
Dr,Ike Simmgen,fiction,68.78,830
Dr,Orbadiah Vassar,romance,40.02,118
Honorable,Sayre Scorthorne,mystery,8.8,748
Mr,Tod Tomaini,sci-fi,77.22,579
Honorable,Jarad Sisley,non-fiction,68.84,643
Honorable,Felisha Weymouth,fiction,41.14,482
Mrs,Reinhard Moroney,fiction,99.63,846
Rev,Athene Jamot,mystery,90.21,526
Mrs,Wallis Bullent,non-fiction,35.32,874
Honorable,Caleb Sawyers,romance,88.92,613
Rev,Miguelita Gentile,non-fiction,98.63,430
Mrs,Sibylle Rapport,fiction,61.98,111
Mrs,Vivyanne Southernwood,sci-fi,76.1,641
Honorable,Burnard Hallard,mystery,20.92,214
Rev,Earvin Boldero,sci-fi,42.17,543
Ms,Salvatore Aseef,fiction,10.96,390
Dr,Aleta Bothbie,sci-fi,9.49,786
Honorable,Haley Broune,fiction,87.75,212
Rev,Hermine Rounsefell,non-fiction,73.48,574
Ms,Chandal Clymer,non-fiction,55.77,990
Ms,Enriqueta Pieper,sci-fi,77.89,69
Honorable,Moria Goulstone,sci-fi,34.97,6
Honorable,Fionna Menendes,non-fiction,3.63,69
Ms,Mariele Colly,sci-fi,91.92,475
Ms,Nanete McCaughan,non-fiction,62.31,16
Ms,Aaron Hempel,non-fiction,18.2,462
Ms,Lin Pilkinton,non-fiction,37.51,733
Rev,Barn Purry,fiction,17.83,27
Mr,Gunter Whitchurch,romance,24.15,84
Dr,Tuckie Seeley,sci-fi,15.12,355
Mrs,Faun Dolling,non-fiction,50.38,628
Ms,Jameson Quince,fiction,41.31,873
Honorable,Quentin Rizzillo,fiction,74.72,163
Honorable,Jarrod Jobbins,non-fiction,51.63,418
Honorable,Nada Foord,fiction,96.69,139
Rev,Blancha Whitehorne,sci-fi,59.3,232
Ms,Toddy Speare,mystery,88.47,879
Rev,Leta Thunnerclef,non-fiction,66.43,688
Ms,Nani Casse,sci-fi,89.21,605
Rev,Kelcy Northcliffe,fiction,15.62,816
Mr,Allyce Kirkham,romance,56.76,133
Mrs,Johannah Grzelczak,sci-fi,2.37,829
Rev,Keeley Fawdry,fiction,78.02,695
Rev,Addison Skews,fiction,34.57,775
Mrs,Gaby Huyhton,mystery,47.49,169
Rev,Tyson Waiton,sci-fi,42.58,724
Honorable,Wilmer McQuilliam,sci-fi,7.6,647
Dr,Sinclare Gurg,fiction,26.3,491
Honorable,Rafaelia Reeveley,sci-fi,92.46,718
Mrs,Aime Menilove,sci-fi,23.61,587
Rev,Dre Edess,romance,53.18,251
Rev,Lorenzo Hatchman,mystery,14.83,546
Dr,Ferdinanda Bachellier,non-fiction,86.13,191
Ms,Minny Farryan,non-fiction,72.32,921
Mrs,Teresa Dwight,sci-fi,21.77,171
Rev,Zechariah Genny,fiction,39.84,141
Mr,Janenna Beranek,mystery,74.44,267
Mrs,Billie Dietmar,mystery,21.88,343
Rev,Stacy Gearty,sci-fi,59.93,107
Mrs,Herrick Fursey,romance,94.31,789
Mrs,Amery Rutherforth,non-fiction,36.63,743
Mr,Erena Gennerich,non-fiction,18.26,662
Rev,Ernie Esposito,sci-fi,3.45,497
Mrs,Arabele Swateridge,sci-fi,48.41,748
Ms,Gilly Teal,sci-fi,96.8,968
Honorable,Yetty Odby,fiction,83.82,147
Dr,Riccardo Metcalfe,non-fiction,11.52,793
Mr,Silvanus Raft,mystery,76.37,559
Honorable,Ginevra Braga,fiction,89.46,746
Mr,Geralda Baiyle,romance,89.28,114
Ms,Annamarie Cavolini,mystery,45.31,224
Dr,Walton Pulteneye,mystery,19.11,719
Dr,Olwen Hillock,romance,48.82,543
Dr,Gerhardt Drayson,non-fiction,70.96,261
Honorable,Rabi Fanton,mystery,46.25,419
Honorable,Emmit Kybbye,romance,16.53,682
Mr,Guenevere Marzelo,mystery,57.55,515
Mr,Cozmo Boother,fiction,39.66,233
Rev,Brady Scarlon,mystery,19.56,538
Dr,Susie Valentelli,fiction,76.59,39
Dr,Annis Rablin,sci-fi,36.37,481
Dr,Roth Cosbee,sci-fi,19.37,598
Mr,Jeffy Cundey,mystery,4.33,304
Mr,Kitty Slatcher,mystery,57.22,248
Mr,Domeniga Sicely,non-fiction,41.93,705
Mr,Chester Riccardini,romance,32.12,409
Mr,Siegfried Floweth,fiction,3.18,97
Dr,Emanuel Holleran,romance,15.64,669
Dr,Marcie Greatbanks,fiction,17.11,202
Dr,Irv Fortescue,mystery,75.71,805
Rev,Charlena Corrison,non-fiction,22.73,629
Honorable,Lissie Hemms,sci-fi,85.89,592
Ms,Fern Hawksley,mystery,20.69,463
Rev,Dun Volant,fiction,47.17,983
Mrs,Amie Rayson,non-fiction,53.8,17
Ms,Aurthur Burdekin,fiction,33.93,943
Ms,Rickey Mc-Kerley,fiction,11.07,157
Dr,Aurel Lodevick,fiction,71.12,10
Dr,Yuma Arnow,fiction,8.59,182
Rev,Fredric McCudden,fiction,78.03,534
Honorable,Lydia Blaisdale,non-fiction,28.39,714
Mr,Aubrette Ren,non-fiction,76.72,201
Mr,Saxon Harberer,non-fiction,87.45,379
Ms,Wash Carlozzi,fiction,71.25,714
Mrs,Dinny Gleadhell,fiction,38.92,589
Rev,Masha Killock,romance,57.94,168
Honorable,Viviene Woodson,romance,54.93,646
Mr,Kain Philcox,sci-fi,71.79,467
Mr,Rafael Buy,non-fiction,20.15,699
Rev,Thayne Lithgow,fiction,70.37,237
Honorable,Meredithe Helwig,fiction,70.75,357
Rev,Carrissa Dorran,fiction,32.86,551
Rev,Tonnie Woodeson,fiction,26.93,73
Dr,Will Ferroni,mystery,99.22,472
Dr,Holmes Dewdney,fiction,53.31,601
Rev,Laurie Frankcom,romance,60.52,248
Dr,Nonna Antoniak,fiction,15.55,85
Mrs,Claire Newstead,non-fiction,95.71,586
Dr,Delmor Reedshaw,fiction,86.1,438
Mrs,Clemente Hainey,romance,90.22,140
Ms,Rona Marton,sci-fi,91.54,722
Rev,Alana Blindermann,sci-fi,26.97,848
Dr,Pascale Sowter,non-fiction,67.92,488
Dr,Philippine Cadogan,fiction,17.42,683
Mr,Genevieve Worley,fiction,88.79,741
Mrs,Stormy Thamelt,mystery,79.71,698
Mrs,Enriqueta Sara,romance,9.83,918
Ms,Gwendolen Cassely,romance,82.53,701
Ms,Meara Mapham,non-fiction,12.96,997
Mrs,Laverna Dmitrienko,romance,16.86,819
Rev,Walt Wardingly,mystery,61.5,719
Honorable,Benny Marryatt,mystery,55.85,144
Ms,Kirsteni McGlashan,non-fiction,72.0,135
Honorable,Misty Keigher,mystery,25.19,650
Mr,Konstantine Tenant,sci-fi,72.83,356
Rev,Faber Abernethy,sci-fi,37.98,441
Mr,Priscella Ireland,fiction,52.54,896
Mr,Freida Hosier,romance,14.98,380
Ms,Jenelle Finding,non-fiction,91.49,944
Mrs,Ruthie Lenz,non-fiction,81.41,732
Honorable,Leonerd Drewitt,fiction,69.61,198
Dr,Northrup Bairstow,fiction,53.32,678
Rev,Jeffrey Patron,fiction,73.79,540
Rev,Alexandra Rojel,fiction,26.75,189
Honorable,Monte Yushankin,romance,11.33,368
Mr,Atlanta Rands,fiction,88.27,864
Rev,Donia Grassin,mystery,17.74,969
Rev,Chad Simonnin,sci-fi,24.46,267
Rev,Inness Hrihorovich,romance,43.71,777
Ms,Stillmann De Cristofalo,non-fiction,80.29,931
Ms,Norene Kidder,mystery,22.1,924
Mrs,Emmaline Gasking,romance,87.09,655
Rev,Page Fibben,sci-fi,53.6,728
Honorable,Chen Gregolotti,mystery,95.17,701
Mr,Aurore Epgrave,fiction,23.4,30
Mrs,Lance Bovaird,fiction,59.3,924
Honorable,Wendie Jelf,fiction,70.1,389
Ms,Francoise Catterall,mystery,95.72,517
Ms,Lyman Jeffreys,non-fiction,50.23,494
Ms,Kale Dally,fiction,14.32,496
Ms,Hieronymus Klus,sci-fi,96.2,392
Ms,Yolanda McDavid,romance,72.71,210
Honorable,Tarrah Tancock,romance,17.78,169
Rev,Othilia Blewitt,romance,8.43,863
Mr,Rebe Lavender,sci-fi,88.51,937
Mr,Henrietta Hearnaman,sci-fi,95.68,748
Dr,Niels Swayne,fiction,65.6,376
Rev,Mycah Thorbon,sci-fi,16.09,435
Honorable,Greta Domney,fiction,55.17,349
Mr,Mora O'Grogane,sci-fi,80.82,463
Mrs,Rachel Blakden,mystery,28.12,197
Mrs,Leigh Chalfain,sci-fi,63.39,670
Dr,Armando Patient,non-fiction,52.82,264
Mr,Thibaud Godsafe,romance,41.93,729
Ms,Bank Powner,fiction,60.6,471
Mr,Harlen Ions,romance,21.33,989
Rev,Trenna Amberger,mystery,22.03,352
Mrs,Dorelle Garbert,non-fiction,15.86,411
Rev,Tamera Walduck,non-fiction,19.29,386
Mrs,Gelya McGrorty,sci-fi,4.5,743
Dr,Mirilla Fabler,sci-fi,14.96,345
Rev,Tadeo Karslake,mystery,97.32,592
Mr,Chelsy Yearsley,fiction,47.46,489
Mr,Baxy Gostall,fiction,29.4,278
Mrs,Bourke Dulton,sci-fi,28.34,475
Ms,Nevin Dobrovolny,romance,18.07,414
Ms,Ariadne Horick,romance,94.0,660
python,xyz,study,299.0,386
java,abc,study,599.0,1196
